run,max_correlation,lag
1,164.28097371809127,9
2,228.87982349268555,1
3,187.28301774977342,9
4,213.09550615366197,-8
5,186.10248685365204,-18
6,161.35411126477106,-8
7,189.99669321020306,-20
8,160.62629637914551,-12
9,175.76138328864494,-15
10,151.34780821158446,-22
